{"cameraMode":{"drawMode":0,"name":"Shaded","section":"Shading Mode"},"sceneLighting":false,"audioPlay":false,"sceneViewState":{"m_AlwaysRefresh":false,"showFog":true,"showSkybox":false,"showFlares":true,"showImageEffects":true,"showParticleSystems":true,"showVisualEffectGraphs":true,"m_FxEnabled":true},"in2DMode":false,"pivot":{"x":2.2664103507995607,"y":1.0498480796813965,"z":4.069757461547852},"rotation":{"x":-0.33279430866241457,"y":0.14962147176265717,"z":-0.05356784164905548,"w":-0.9295163750648499},"size":1021.4246215820313,"orthographic":false}