{"cameraMode":{"drawMode":0,"name":"Shaded","section":"Shading Mode"},"sceneLighting":true,"audioPlay":false,"sceneViewState":{"m_AlwaysRefresh":false,"showFog":true,"showSkybox":true,"showFlares":true,"showImageEffects":true,"showParticleSystems":true,"showVisualEffectGraphs":true,"m_FxEnabled":false},"in2DMode":false,"pivot":{"x":109.05569458007813,"y":698.5210571289063,"z":-302.4833068847656},"rotation":{"x":0.32971495389938357,"y":0.002831030171364546,"z":-0.000991619424894452,"w":0.9440860152244568},"size":2328.68505859375,"orthographic":false}