{"cameraMode":{"drawMode":0,"name":"Shaded","section":"Shading Mode"},"sceneLighting":false,"audioPlay":false,"sceneViewState":{"m_AlwaysRefresh":false,"showFog":true,"showSkybox":false,"showFlares":true,"showImageEffects":true,"showParticleSystems":true,"showVisualEffectGraphs":true,"m_FxEnabled":false},"in2DMode":false,"pivot":{"x":-161.04412841796876,"y":424.92803955078127,"z":-264.09161376953127},"rotation":{"x":0.23501922190189362,"y":0.09894093871116638,"z":-0.024057691916823388,"w":0.9666517376899719},"size":908.7528076171875,"orthographic":false}